cuisine,legit_cnt,tot_reviews,percent
Unknown,120,4149,2.8922631959508314
Asian Cuisine,273,5738,4.75775531544092
European Cuisine,319,8005,3.985009369144285
Middle Eastern / African Cuisine,39,692,5.635838150289017
South American Cuisine,219,4624,4.736159169550173
American Cuisine,501,12730,3.9355852317360567
