,cuisine,avg(bad_auth_review_pct),avg(rank)
0,South American Cuisine,9.012876152456363,2.2142857142857144
1,American Cuisine,13.866826318399367,2.6875
2,Unknown,9.069121686418232,2.7333333333333334
3,European Cuisine,8.430314666320546,3.2142857142857144
4,Asian Cuisine,7.764112826874558,4.071428571428571
5,Middle Eastern / African Cuisine,5.27654864616106,5.714285714285714
